{"cameraMode":{"drawMode":0,"name":"Shaded","section":"Shading Mode"},"sceneLighting":false,"audioPlay":false,"sceneViewState":{"m_AlwaysRefresh":false,"showFog":true,"showSkybox":false,"showFlares":true,"showImageEffects":true,"showParticleSystems":true,"showVisualEffectGraphs":true,"m_FxEnabled":true},"in2DMode":false,"pivot":{"x":3.7031991481781008,"y":6.127323150634766,"z":-10.011362075805664},"rotation":{"x":0.022498909384012224,"y":-0.16390573978424073,"z":0.0037379576824605467,"w":0.9862231016159058},"size":0.561872661113739,"orthographic":false}